TransactionID,TransactionAmount,TransactionTime,MerchantCategory,CustomerAge,CustomerGender,CustomerIncome,TransactionLocation,PreviousFraudCount,Fraud
1,3200.74,7.15,Online,74,Female,192470,Rural,2,1
2,134.8,49.37,Online,42,Male,148426,Urban,1,0
3,1382.4,39.2,Travel,40,Male,157840,Urban,0,0
4,1123.82,70.4,Restaurant,52,Female,183570,Rural,0,0
5,3684.99,25.82,Restaurant,42,Female,174743,Rural,4,0
6,3386.73,28.67,Retail,24,Female,87092,Suburban,3,0
7,4461.98,13.67,Online,71,Male,32867,Urban,5,0
8,443.82,8.8,Travel,48,Female,116037,Suburban,5,0
9,2115.39,61.06,Travel,68,Female,77861,Urban,0,0
10,158.69,32.74,Retail,73,Female,178847,Urban,4,0
11,1101.0,47.72,Restaurant,54,Male,38579,Suburban,3,0
12,2531.72,46.2,Travel,59,Female,23430,Rural,1,0
13,142.41,42.99,Restaurant,66,Male,74719,Rural,3,0
14,1002.2,1.54,Travel,61,Male,191900,Suburban,2,0
15,3252.92,56.65,Travel,32,Female,148819,Rural,4,0
16,2729.26,17.54,Online,28,Female,40960,Suburban,4,0
17,1110.0,9.07,Restaurant,46,Male,142698,Rural,4,0
18,2950.44,40.65,Travel,22,Male,187488,Suburban,0,0
19,4049.06,4.94,Online,69,Male,35912,Suburban,5,0
20,42.43,55.09,Travel,72,Female,114614,Suburban,2,0
21,4031.04,14.92,Online,20,Male,166281,Suburban,3,0
22,3493.72,15.55,Online,36,Female,129039,Rural,1,0
23,1707.85,62.62,Restaurant,19,Female,116749,Urban,5,0
24,785.84,23.66,Online,38,Female,35283,Rural,3,0
25,4786.49,10.62,Travel,34,Male,181725,Urban,2,0
26,1689.61,64.84,Retail,78,Male,89681,Suburban,3,0
27,472.8,0.2,Travel,24,Female,158679,Urban,2,0
28,492.61,61.81,Travel,22,Female,30656,Urban,0,1
29,4239.0,10.42,Online,39,Female,38451,Rural,2,0
30,3022.59,9.36,Travel,28,Female,99666,Suburban,2,0
31,4037.57,18.05,Online,74,Female,40430,Suburban,2,0
32,3651.36,12.56,Restaurant,42,Male,76596,Suburban,2,0
33,2685.78,47.6,Online,28,Male,156179,Urban,3,0
34,4865.85,1.86,Restaurant,64,Male,45459,Suburban,4,0
35,1898.89,1.07,Retail,22,Male,46535,Rural,0,0
36,2764.68,56.88,Travel,53,Female,80559,Urban,1,0
37,4148.73,17.13,Restaurant,78,Female,159371,Urban,5,0
38,3096.41,23.31,Retail,75,Female,121012,Urban,3,0
39,4309.92,12.55,Online,80,Female,69665,Urban,5,0
40,2890.99,3.77,Retail,23,Male,70625,Rural,3,0
41,3525.81,53.4,Restaurant,39,Male,157938,Urban,3,0
42,238.66,37.88,Travel,56,Male,192196,Urban,2,0
43,1147.21,53.69,Retail,57,Female,85211,Rural,1,0
44,1454.05,34.29,Retail,75,Male,169429,Suburban,5,0
45,408.16,56.02,Online,48,Female,183925,Rural,3,0
46,1171.63,36.95,Online,63,Male,66897,Suburban,5,0
47,514.0,7.85,Travel,19,Female,166387,Urban,3,0
48,1397.09,36.28,Online,45,Male,166313,Urban,1,0
49,3182.07,68.07,Restaurant,78,Male,128838,Urban,4,0
50,1830.51,3.12,Restaurant,59,Male,47659,Rural,4,0
51,1857.2,56.39,Retail,28,Female,187411,Suburban,0,0
52,1055.44,62.42,Online,56,Male,171142,Suburban,1,0
53,1342.22,37.54,Online,74,Female,113837,Rural,1,1
54,4683.91,32.98,Retail,45,Male,196814,Rural,2,0
55,3243.7,69.41,Travel,28,Female,140250,Suburban,3,0
56,3049.56,4.38,Online,21,Male,194389,Rural,4,0
57,863.98,34.49,Online,24,Female,131955,Urban,2,0
58,3648.34,28.92,Travel,39,Male,47289,Suburban,0,0
59,825.38,49.4,Online,31,Male,63728,Rural,4,0
60,1903.48,35.3,Restaurant,80,Female,67289,Suburban,3,0
61,4947.72,65.5,Restaurant,30,Female,164170,Rural,0,0
62,3203.6,5.29,Travel,44,Male,125265,Suburban,0,0
63,2789.18,5.82,Travel,62,Female,152302,Suburban,3,0
64,3426.23,43.8,Restaurant,53,Male,108476,Suburban,5,0
65,4215.83,4.73,Restaurant,64,Male,192368,Urban,2,0
66,3882.24,19.8,Restaurant,77,Female,61465,Urban,3,0
67,1152.95,45.58,Restaurant,64,Female,159958,Suburban,1,0
68,170.18,39.48,Travel,52,Male,177264,Rural,4,0
69,1584.11,23.41,Travel,34,Male,136132,Urban,3,0
70,1346.03,71.61,Retail,60,Male,112359,Rural,5,0
71,1062.8,38.2,Travel,36,Male,102615,Suburban,4,0
72,4715.12,32.67,Restaurant,37,Female,164200,Rural,1,0
73,4383.07,43.59,Online,33,Female,105106,Urban,1,0
74,1580.24,7.14,Restaurant,24,Female,117444,Rural,1,0
75,3280.64,50.53,Restaurant,21,Female,128093,Rural,3,0
76,1984.2,61.4,Travel,43,Male,186000,Suburban,2,0
77,4573.59,46.87,Retail,54,Female,132876,Suburban,4,0
78,2299.67,55.37,Online,53,Female,104790,Rural,3,0
79,1331.75,51.9,Online,71,Female,179491,Rural,0,0
80,1240.67,15.48,Retail,49,Female,83103,Suburban,2,0
81,2811.23,32.51,Restaurant,27,Female,167625,Urban,4,0
82,1321.08,16.45,Travel,21,Male,163032,Urban,2,0
83,2927.08,24.4,Restaurant,41,Male,76079,Rural,3,1
84,4490.14,32.65,Online,18,Female,118320,Suburban,4,0
85,2003.01,29.95,Online,45,Female,164241,Rural,5,0
86,1104.41,6.85,Restaurant,23,Female,86607,Suburban,3,1
87,4987.71,30.73,Online,36,Male,114374,Urban,1,0
88,2552.54,47.89,Travel,70,Male,138594,Rural,0,0
89,463.64,26.95,Online,60,Male,137309,Suburban,0,0
90,245.11,10.99,Travel,58,Female,124094,Rural,1,0
91,557.15,66.45,Restaurant,56,Female,20051,Urban,2,1
92,3140.96,4.83,Restaurant,48,Male,29086,Urban,2,0
93,3962.48,59.89,Travel,30,Male,94575,Rural,5,0
94,2116.58,6.71,Travel,24,Female,176175,Rural,5,1
95,327.0,6.95,Travel,19,Male,24273,Rural,3,0
96,1914.28,53.19,Online,31,Female,155688,Suburban,0,0
97,4980.65,58.45,Restaurant,28,Female,55411,Suburban,5,0
98,2650.28,40.06,Online,58,Female,99125,Rural,5,0
99,4855.68,42.23,Online,36,Female,21721,Urban,2,1
100,4305.29,40.43,Travel,80,Female,98730,Rural,3,0
101,67.29,23.73,Online,23,Male,78166,Rural,1,0
102,3606.4,8.8,Retail,48,Male,76314,Urban,3,0
103,3411.73,25.46,Retail,72,Male,102550,Urban,5,0
104,2689.48,47.9,Retail,25,Female,25688,Suburban,5,0
105,1341.46,54.02,Retail,37,Male,92340,Rural,1,0
106,3208.4,62.5,Retail,68,Male,165139,Rural,0,0
107,566.65,51.92,Travel,43,Male,154026,Rural,0,0
108,2179.48,69.72,Online,48,Male,165836,Rural,2,0
109,2274.08,43.23,Online,49,Female,169597,Urban,3,0
110,4769.54,25.32,Retail,75,Male,169844,Rural,0,0
111,4380.51,41.61,Online,60,Female,60557,Rural,4,0
112,1324.31,15.32,Retail,34,Female,44716,Rural,5,0
113,2507.92,47.29,Online,23,Male,29892,Rural,2,0
114,901.47,16.15,Travel,59,Male,140683,Suburban,4,0
115,4564.01,7.79,Restaurant,52,Female,113233,Rural,3,0
116,4353.89,60.87,Retail,42,Male,60922,Urban,4,0
117,1499.24,26.46,Travel,29,Male,56282,Suburban,3,0
118,3198.36,54.91,Travel,41,Female,89465,Rural,2,0
119,3048.76,41.34,Retail,74,Female,116228,Urban,5,0
120,772.67,58.12,Retail,42,Male,172608,Suburban,5,0
121,3814.93,60.85,Travel,41,Male,85498,Suburban,3,0
122,2701.5,70.17,Retail,29,Female,81078,Rural,5,0
123,3895.35,58.93,Retail,46,Male,87172,Suburban,0,0
124,2656.46,44.18,Restaurant,20,Female,98722,Rural,2,0
125,12.85,46.27,Restaurant,34,Male,44092,Rural,4,0
126,1627.54,1.89,Retail,46,Female,169549,Suburban,5,0
127,107.19,66.89,Travel,47,Female,124804,Suburban,4,0
128,4646.2,59.72,Online,34,Female,169176,Suburban,0,0
129,4394.82,19.26,Retail,32,Female,76999,Suburban,2,0
130,4160.01,12.99,Retail,71,Male,40237,Suburban,1,1
131,1544.5,50.59,Online,35,Male,105116,Urban,4,0
132,299.05,22.25,Online,54,Female,146493,Urban,0,0
133,4391.27,24.47,Online,21,Male,65325,Rural,1,0
134,4735.28,0.44,Restaurant,27,Female,147998,Rural,2,0
135,437.41,62.63,Restaurant,66,Male,171055,Rural,3,0
136,2435.09,40.78,Restaurant,62,Female,44999,Suburban,5,0
137,355.37,28.86,Travel,60,Male,176036,Rural,1,0
138,3805.4,10.21,Retail,24,Male,188363,Rural,2,0
139,3831.51,45.59,Restaurant,23,Female,98746,Suburban,1,0
140,650.67,2.21,Travel,60,Female,29796,Urban,0,0
141,2381.66,53.72,Travel,40,Male,171069,Rural,2,0
142,2753.52,15.49,Online,69,Male,120020,Suburban,2,0
143,1332.63,30.23,Online,52,Male,40572,Rural,3,0
144,4363.44,24.54,Restaurant,44,Male,34659,Urban,5,0
145,2121.46,26.64,Retail,80,Male,107658,Rural,2,0
146,1066.87,51.95,Retail,66,Female,111207,Urban,0,0
147,2701.09,55.93,Retail,55,Male,133850,Rural,2,0
148,3652.36,40.87,Travel,32,Female,129188,Suburban,2,0
149,1013.74,6.12,Travel,53,Female,51598,Rural,4,0
150,1565.46,3.79,Travel,21,Female,79432,Rural,5,0
151,4975.8,11.33,Travel,71,Male,191122,Urban,0,0
152,3252.89,44.48,Retail,42,Male,177889,Suburban,4,0
153,2196.12,48.53,Retail,70,Female,22997,Suburban,1,1
154,2592.7,19.59,Online,51,Male,186169,Urban,5,0
155,613.81,47.66,Retail,44,Female,185725,Urban,1,0
156,1131.24,34.97,Travel,79,Female,120266,Rural,0,0
157,1697.05,31.83,Travel,52,Male,34189,Urban,4,0
158,2945.66,19.67,Restaurant,61,Male,99897,Suburban,1,0
159,1158.27,54.36,Retail,73,Male,157463,Suburban,4,0
160,1108.88,8.19,Retail,77,Female,30795,Urban,2,0
161,364.26,30.95,Online,48,Male,103706,Rural,2,0
162,3159.2,20.39,Online,54,Female,161539,Suburban,5,0
163,1152.42,48.85,Travel,74,Female,168088,Suburban,2,0
164,4528.05,35.04,Restaurant,33,Female,59211,Suburban,2,0
165,4299.58,48.03,Retail,48,Male,105676,Urban,5,0
166,363.58,3.27,Retail,37,Female,151701,Rural,5,0
167,1197.64,28.46,Restaurant,23,Male,77880,Urban,5,0
168,3348.2,43.15,Retail,43,Male,60159,Rural,2,0
169,1079.04,0.55,Online,75,Male,33243,Urban,0,0
170,670.24,21.7,Restaurant,72,Male,196589,Rural,4,0
171,4678.22,15.21,Retail,63,Female,122991,Rural,4,0
172,2859.51,9.88,Online,20,Female,136815,Urban,2,0
173,2368.63,18.4,Online,50,Male,176010,Rural,1,0
174,3925.25,23.62,Travel,54,Female,170799,Suburban,0,0
175,4039.41,0.56,Retail,75,Male,152311,Suburban,1,0
176,960.15,53.79,Restaurant,51,Male,43614,Urban,4,0
177,493.68,12.65,Online,69,Female,78218,Suburban,2,0
178,2160.95,27.37,Online,54,Female,133229,Rural,2,0
179,2123.66,50.66,Travel,61,Female,95964,Urban,3,0
180,2340.45,36.02,Restaurant,80,Female,123369,Suburban,3,0
181,3648.09,60.0,Travel,57,Male,58800,Urban,2,0
182,3370.09,58.05,Online,27,Female,54652,Rural,1,0
183,4920.98,5.19,Retail,25,Male,108124,Urban,0,0
184,501.11,62.05,Restaurant,78,Male,41638,Suburban,1,0
185,2019.08,3.05,Retail,66,Female,144742,Urban,1,0
186,1703.12,1.35,Retail,46,Female,169799,Urban,4,0
187,4309.75,66.32,Travel,29,Male,32926,Rural,1,0
188,1250.8,62.07,Online,78,Male,163694,Urban,1,0
189,959.14,41.45,Retail,80,Male,124645,Suburban,4,1
190,2248.58,41.28,Restaurant,28,Female,88827,Suburban,4,0
191,2115.19,51.08,Travel,80,Female,42302,Suburban,5,0
192,1399.94,30.07,Restaurant,31,Male,124471,Urban,4,0
193,1256.53,8.29,Retail,69,Female,151549,Rural,4,0
194,4617.1,1.5,Restaurant,30,Female,133899,Suburban,5,0
195,2221.22,23.38,Travel,26,Female,54177,Rural,4,0
196,4308.13,57.7,Travel,20,Male,55355,Rural,5,0
197,2756.12,44.51,Online,45,Female,146070,Urban,0,0
198,262.44,59.91,Restaurant,23,Female,166616,Urban,3,0
199,4996.42,66.22,Travel,61,Female,71932,Rural,3,0
200,4181.78,6.35,Travel,45,Male,147889,Rural,0,0
201,4845.29,60.8,Online,30,Female,123630,Suburban,0,0
202,4632.57,17.52,Travel,70,Male,190983,Urban,1,1
203,4244.99,42.4,Retail,58,Female,169770,Rural,0,0
204,839.89,37.73,Restaurant,27,Male,71406,Suburban,3,0
205,2433.35,28.5,Online,71,Male,167106,Urban,2,0
206,1076.6,22.34,Retail,56,Male,181479,Urban,2,0
207,2011.19,24.44,Retail,34,Male,157428,Urban,5,0
208,302.59,23.98,Restaurant,38,Male,84551,Suburban,2,0
209,1901.08,12.11,Online,76,Male,83521,Suburban,1,0
210,4926.69,36.75,Travel,64,Male,38781,Suburban,3,0
211,1333.36,8.21,Online,76,Female,89797,Suburban,4,0
212,3922.51,36.72,Travel,69,Male,132739,Suburban,4,0
213,2280.49,65.23,Restaurant,22,Male,104780,Rural,2,0
214,2120.81,25.16,Restaurant,23,Female,199499,Rural,1,0
215,4787.02,52.37,Retail,42,Male,170999,Urban,5,0
216,4977.16,58.96,Retail,53,Male,43486,Suburban,2,0
217,2783.28,58.68,Retail,43,Male,49499,Rural,0,0
218,3594.86,17.01,Restaurant,53,Female,196094,Rural,5,0
219,782.44,10.54,Travel,38,Female,128418,Suburban,0,0
220,1490.57,14.2,Restaurant,72,Male,131028,Suburban,1,0
221,4843.86,43.37,Restaurant,35,Male,115752,Suburban,1,0
222,2900.11,54.74,Retail,51,Male,111306,Urban,5,0
223,2715.55,47.2,Online,47,Male,69935,Rural,1,0
224,3742.4,12.75,Retail,76,Male,104079,Suburban,5,0
225,295.25,55.65,Online,73,Female,110315,Urban,1,0
226,2925.05,35.58,Travel,18,Male,175681,Suburban,2,0
227,2519.22,54.32,Travel,68,Male,191811,Suburban,1,0
228,4265.07,54.71,Travel,62,Female,26345,Suburban,1,0
229,795.59,32.32,Retail,57,Female,99906,Rural,1,0
230,4804.29,66.54,Retail,55,Female,64369,Suburban,0,0
231,409.76,40.64,Retail,51,Female,111676,Rural,3,0
232,937.27,45.74,Restaurant,68,Female,181538,Rural,5,0
233,2979.23,44.97,Retail,44,Female,135922,Urban,0,0
234,3379.31,62.23,Restaurant,25,Female,183363,Urban,0,0
235,1183.67,45.16,Travel,44,Male,58225,Rural,0,0
236,608.23,10.87,Retail,27,Female,135464,Rural,3,0
237,4452.53,4.92,Restaurant,27,Male,31764,Suburban,3,0
238,1238.61,31.84,Travel,54,Male,81207,Suburban,0,0
239,2976.65,21.8,Travel,55,Male,72346,Rural,1,0
240,3100.71,19.78,Retail,55,Male,199662,Rural,0,0
241,2101.93,4.04,Online,66,Male,117994,Suburban,0,0
242,2922.52,36.53,Online,79,Female,60892,Suburban,5,0
243,2618.69,22.35,Travel,78,Male,42495,Suburban,4,0
244,4674.18,32.54,Online,24,Female,49457,Suburban,4,0
245,1029.25,4.1,Online,77,Female,34296,Urban,0,0
246,3583.8,59.88,Restaurant,24,Male,83713,Suburban,3,0
247,1201.04,5.52,Restaurant,54,Female,182792,Rural,0,0
248,1984.97,62.23,Restaurant,67,Female,58712,Rural,2,0
249,3361.73,61.58,Travel,24,Female,95414,Suburban,0,0
250,1506.99,44.28,Online,68,Female,23600,Suburban,0,0
251,1587.72,36.51,Retail,36,Male,109986,Rural,2,0
252,3761.8,33.32,Online,73,Female,49170,Rural,5,0
253,371.99,39.91,Travel,52,Male,99984,Urban,0,0
254,2296.84,57.01,Restaurant,74,Male,137980,Rural,0,0
255,4992.29,64.5,Travel,40,Male,143519,Rural,0,0
256,4980.52,32.38,Restaurant,74,Female,25963,Rural,4,0
257,375.57,58.31,Travel,44,Female,106999,Urban,1,0
258,1073.64,46.93,Retail,34,Male,74790,Rural,4,1
259,1333.35,23.15,Restaurant,42,Female,161034,Suburban,1,0
260,4666.96,34.25,Restaurant,59,Female,75541,Rural,1,0
261,4405.51,10.86,Online,49,Male,73425,Rural,5,0
262,4397.56,4.45,Travel,54,Male,163241,Urban,2,0
263,1853.94,7.45,Online,56,Male,157171,Suburban,0,1
264,797.16,64.74,Travel,48,Male,87805,Rural,0,0
265,4170.39,24.73,Retail,20,Male,163864,Urban,1,0
266,3520.66,51.43,Online,29,Female,146622,Rural,5,0
267,3062.27,36.33,Restaurant,35,Male,183326,Urban,2,0
268,4936.29,12.42,Retail,43,Female,57053,Urban,4,0
269,3273.34,17.84,Travel,27,Male,195180,Urban,2,1
270,49.04,31.52,Restaurant,57,Female,24820,Suburban,2,0
271,4087.35,31.64,Travel,56,Male,118725,Urban,1,0
272,1503.9,37.64,Restaurant,61,Female,172831,Rural,4,0
273,3320.31,11.43,Travel,62,Male,193939,Urban,5,0
274,4695.26,26.85,Restaurant,43,Male,158097,Rural,4,0
275,680.11,20.37,Travel,20,Male,31398,Suburban,1,0
276,585.99,29.43,Online,43,Male,86966,Suburban,4,0
277,544.11,24.36,Restaurant,74,Female,64648,Urban,4,0
278,2770.59,43.05,Restaurant,74,Male,35757,Rural,0,0
279,1369.02,56.82,Online,39,Male,94452,Suburban,0,0
280,3028.1,46.61,Travel,62,Male,72611,Suburban,4,0
281,3590.88,4.75,Restaurant,33,Male,181995,Urban,0,0
282,1025.95,6.8,Online,21,Female,91114,Urban,4,0
283,3174.85,48.84,Travel,65,Male,33915,Urban,1,0
284,1327.28,20.46,Restaurant,48,Female,141886,Rural,5,0
285,2447.77,52.11,Restaurant,76,Male,191640,Urban,1,0
286,4527.63,47.27,Travel,35,Female,22184,Urban,2,1
287,4232.06,65.26,Online,75,Male,37458,Rural,1,0
288,470.57,62.88,Restaurant,41,Male,121880,Rural,4,0
289,2123.64,24.0,Travel,19,Female,193112,Urban,0,0
290,1390.63,41.96,Restaurant,39,Female,91122,Rural,5,1
291,27.69,10.18,Travel,70,Female,193796,Rural,0,0
292,3857.88,25.19,Restaurant,68,Male,193041,Urban,1,0
293,3189.2,69.67,Retail,37,Male,114429,Rural,4,0
294,1317.16,50.29,Online,37,Male,48283,Urban,5,0
295,3708.74,28.22,Online,35,Female,25001,Urban,3,0
296,2762.89,42.84,Retail,71,Male,96675,Rural,2,0
297,2144.16,67.54,Travel,49,Male,190239,Urban,5,0
298,58.25,22.29,Online,72,Female,121324,Suburban,4,0
299,385.47,27.12,Travel,62,Female,80599,Rural,1,0
300,4416.7,57.0,Restaurant,61,Female,119798,Rural,3,0
301,4520.6,58.55,Retail,24,Female,153310,Rural,5,0
302,2732.5,48.25,Travel,80,Female,46110,Urban,0,0
303,4174.63,59.69,Travel,73,Male,102694,Urban,1,0
304,2916.72,53.19,Online,32,Female,147051,Rural,2,0
305,748.99,49.35,Restaurant,26,Female,176527,Urban,3,0
306,645.95,37.9,Online,37,Female,159345,Suburban,3,0
307,1548.21,46.51,Restaurant,80,Male,43074,Suburban,1,0
308,4495.92,30.49,Online,65,Male,68868,Suburban,4,0
309,3982.65,26.05,Travel,46,Female,72133,Rural,1,0
310,4304.91,26.11,Travel,67,Male,151242,Urban,3,0
311,4495.63,12.98,Retail,70,Male,140058,Rural,0,0
312,1058.28,15.42,Travel,38,Female,166980,Suburban,2,0
313,1255.15,68.23,Travel,35,Female,25633,Suburban,0,0
314,522.94,35.01,Travel,64,Female,30420,Suburban,3,0
315,3902.78,16.31,Travel,44,Male,84852,Rural,0,0
316,4421.83,9.9,Retail,56,Female,158783,Rural,4,0
317,2037.82,5.56,Restaurant,59,Female,99934,Suburban,1,0
318,3107.1,60.8,Retail,23,Female,107443,Suburban,3,0
319,781.22,7.28,Retail,30,Female,148432,Urban,2,0
320,4650.11,55.5,Online,46,Female,123127,Urban,5,0
321,4324.38,60.13,Restaurant,31,Female,61157,Suburban,2,0
322,4881.27,63.63,Online,76,Female,24816,Urban,4,0
323,4055.75,2.72,Retail,70,Male,110906,Suburban,5,0
324,4408.27,24.25,Travel,44,Male,199388,Suburban,0,0
325,133.68,55.17,Restaurant,65,Male,112251,Suburban,0,0
326,3685.46,9.44,Travel,49,Female,113160,Urban,2,0
327,1667.61,27.12,Retail,66,Male,183900,Suburban,3,0
328,4654.77,11.68,Retail,51,Male,99253,Suburban,0,0
329,4013.15,59.86,Retail,73,Female,81919,Urban,3,0
330,4321.68,55.52,Restaurant,41,Male,151400,Suburban,2,0
331,4055.64,58.25,Online,70,Male,92319,Urban,3,0
332,1341.36,11.92,Online,21,Male,36255,Suburban,4,0
333,3939.0,31.51,Travel,50,Male,184047,Urban,5,0
334,549.4,29.58,Restaurant,68,Female,87549,Rural,2,0
335,4362.11,48.7,Travel,28,Male,121494,Suburban,5,0
336,4294.38,17.1,Travel,22,Male,27724,Urban,3,0
337,1119.94,31.98,Online,37,Female,165474,Rural,1,0
338,4084.77,20.51,Restaurant,63,Female,93451,Suburban,4,0
339,2306.91,53.89,Retail,50,Male,79135,Urban,3,0
340,1532.9,32.32,Travel,43,Female,59769,Urban,2,0
341,3978.77,38.45,Retail,26,Female,109597,Rural,3,0
342,1145.7,22.28,Restaurant,67,Male,122982,Suburban,1,0
343,128.09,58.22,Travel,72,Female,192210,Urban,0,0
344,973.72,33.77,Retail,51,Male,55982,Rural,3,0
345,1648.03,60.13,Retail,74,Female,43014,Rural,5,0
346,4323.12,26.48,Online,54,Male,120193,Urban,2,0
347,4834.78,68.19,Restaurant,19,Female,156503,Suburban,1,0
348,1402.83,70.88,Restaurant,29,Female,197732,Rural,0,0
349,3210.99,33.24,Restaurant,30,Male,180549,Suburban,5,0
350,2004.4,20.29,Travel,74,Male,183977,Urban,3,0
351,4905.94,27.49,Online,71,Male,199967,Urban,5,0
352,2685.72,37.98,Travel,30,Male,79618,Urban,0,1
353,4696.79,69.57,Restaurant,71,Female,129401,Urban,3,0
354,585.56,58.82,Travel,21,Male,83009,Rural,3,0
355,4852.3,57.69,Retail,33,Male,170181,Rural,4,0
356,901.05,9.96,Travel,20,Male,60042,Suburban,5,0
357,4813.05,18.0,Travel,47,Female,131795,Suburban,5,0
358,1334.68,46.16,Restaurant,21,Female,101889,Urban,0,0
359,550.93,62.94,Retail,76,Male,178693,Suburban,0,0
360,2178.47,39.93,Restaurant,41,Male,106320,Urban,1,0
361,3645.44,7.39,Retail,63,Female,137747,Rural,3,0
362,1575.25,60.9,Retail,30,Male,162143,Rural,3,0
363,3034.98,61.28,Retail,35,Male,54543,Urban,5,0
364,2562.0,20.52,Restaurant,41,Female,74200,Urban,4,0
365,1932.13,54.94,Retail,70,Female,191041,Rural,0,0
366,2887.17,19.64,Online,47,Male,56327,Suburban,5,0
367,1281.07,65.18,Online,50,Male,172313,Suburban,1,0
368,3546.84,10.61,Online,43,Male,161912,Urban,0,0
369,18.44,31.5,Online,58,Female,199319,Rural,2,0
370,4628.62,68.14,Restaurant,77,Female,73034,Suburban,1,0
371,2696.88,15.99,Travel,25,Female,56204,Suburban,2,0
372,3599.96,32.48,Travel,61,Female,101002,Rural,1,0
373,3712.33,25.17,Online,19,Male,157312,Urban,4,0
374,3356.44,1.92,Travel,33,Male,55455,Rural,3,0
375,1827.47,3.83,Online,41,Female,132738,Rural,0,0
376,359.17,36.14,Online,49,Male,58050,Suburban,1,0
377,3324.55,16.98,Travel,56,Female,192027,Suburban,3,0
378,1657.7,71.61,Travel,46,Female,168070,Suburban,5,0
379,1576.44,26.99,Retail,29,Male,61431,Suburban,3,0
380,4241.6,2.03,Online,79,Female,103229,Rural,2,0
381,3601.57,67.02,Travel,73,Female,37777,Urban,5,0
382,1508.61,60.42,Travel,48,Female,166103,Rural,4,0
383,1553.33,46.8,Travel,55,Male,159712,Urban,4,0
384,2047.88,56.98,Retail,53,Female,51034,Urban,2,0
385,2017.98,9.91,Online,40,Female,68269,Suburban,5,0
386,1485.32,20.66,Online,40,Male,103256,Rural,3,0
387,645.17,59.74,Restaurant,28,Female,58147,Suburban,2,0
388,2108.03,50.12,Retail,71,Female,27728,Urban,3,0
389,4702.41,9.99,Retail,75,Female,103542,Rural,5,0
390,3389.82,50.8,Online,34,Female,128538,Rural,4,0
391,4515.0,32.3,Restaurant,65,Female,127807,Suburban,3,0
392,3081.42,0.38,Restaurant,71,Male,99520,Suburban,3,0
393,1511.74,5.7,Online,62,Male,136130,Rural,4,0
394,2744.21,18.43,Travel,23,Female,186945,Suburban,2,0
395,12.03,60.12,Retail,36,Male,91774,Suburban,1,0
396,1441.7,39.51,Restaurant,19,Male,59834,Urban,3,1
397,2155.14,52.36,Travel,42,Male,69265,Rural,0,0
398,2904.12,38.0,Restaurant,21,Female,47989,Rural,0,0
399,3276.98,8.01,Travel,28,Male,54483,Urban,2,0
400,2330.29,20.74,Travel,72,Male,68430,Suburban,3,0
401,2216.38,21.68,Retail,54,Male,26867,Rural,3,0
402,1076.37,3.44,Restaurant,67,Male,180427,Suburban,1,0
403,2371.2,30.23,Restaurant,79,Female,181728,Urban,5,0
404,4506.89,57.16,Travel,31,Male,89956,Suburban,1,1
405,3982.16,32.91,Online,72,Male,178755,Suburban,0,0
406,856.76,7.98,Restaurant,32,Female,168646,Rural,0,0
407,433.13,65.17,Retail,59,Female,180527,Urban,5,0
408,2582.11,42.97,Online,32,Male,80532,Urban,0,0
409,3168.37,1.18,Restaurant,61,Female,176332,Rural,0,0
410,1682.59,37.11,Retail,31,Female,80865,Urban,3,0
411,4093.93,17.42,Online,35,Female,80532,Suburban,5,0
412,3758.18,10.34,Restaurant,59,Male,26837,Rural,0,0
413,3367.25,30.91,Retail,44,Male,114178,Urban,1,0
414,1130.96,44.27,Online,50,Female,40834,Suburban,3,0
415,1003.66,17.32,Restaurant,19,Male,144938,Rural,4,0
416,131.88,29.99,Online,73,Male,55150,Suburban,5,0
417,1231.76,47.83,Travel,67,Male,151681,Urban,2,0
418,2380.93,6.16,Travel,79,Male,178521,Rural,1,0
419,4250.19,70.18,Online,67,Male,142883,Rural,2,0
420,373.41,4.87,Travel,61,Male,190280,Suburban,4,0
421,2078.06,37.88,Travel,18,Male,118031,Suburban,4,0
422,3152.53,36.53,Online,48,Male,68228,Urban,0,0
423,980.23,71.16,Travel,76,Male,121570,Rural,0,0
424,3484.81,39.9,Online,26,Male,148829,Suburban,5,0
425,2476.94,28.11,Online,59,Female,144216,Rural,4,1
426,1227.48,33.85,Travel,29,Male,56048,Urban,3,0
427,3283.73,45.77,Restaurant,56,Female,62935,Urban,3,0
428,37.67,70.63,Online,69,Male,70661,Urban,1,0
429,3757.31,18.26,Online,18,Female,79316,Urban,2,0
430,3852.53,1.17,Restaurant,32,Male,28448,Urban,5,0
431,541.87,56.77,Travel,34,Male,127109,Rural,3,0
432,2131.48,24.83,Retail,56,Female,23935,Rural,3,0
433,887.67,52.77,Restaurant,69,Female,90741,Urban,4,0
434,4790.25,45.23,Retail,78,Female,128277,Suburban,2,0
435,2594.61,55.55,Travel,37,Male,78341,Suburban,4,0
436,260.59,52.93,Online,63,Male,195987,Urban,2,0
437,1253.5,23.94,Online,79,Female,73171,Rural,4,0
438,4243.2,3.19,Travel,63,Male,73624,Rural,4,0
439,2287.74,39.31,Travel,59,Male,37337,Suburban,0,0
440,4009.07,58.57,Travel,35,Female,66419,Suburban,0,0
441,3341.21,12.61,Travel,45,Male,135155,Rural,3,0
442,4939.58,56.1,Travel,75,Female,181758,Suburban,0,0
443,2981.31,33.45,Travel,42,Female,148435,Urban,3,0
444,4750.7,50.07,Travel,72,Male,105169,Urban,3,0
445,4458.22,45.48,Online,40,Male,139942,Suburban,2,0
446,3067.14,58.43,Retail,47,Female,84692,Urban,3,0
447,3599.18,4.54,Retail,34,Female,132081,Suburban,3,1
448,2528.84,55.89,Online,31,Male,126133,Rural,3,0
449,4154.54,32.95,Restaurant,47,Male,30964,Urban,0,0
450,2743.88,21.13,Retail,37,Male,179365,Suburban,0,0
451,4487.07,3.15,Restaurant,61,Male,119712,Urban,1,0
452,3720.84,14.36,Online,51,Female,102024,Urban,4,0
453,2378.63,3.02,Restaurant,70,Male,123324,Rural,5,0
454,1303.37,67.2,Online,57,Male,180302,Rural,2,0
455,1243.73,37.11,Travel,43,Male,169929,Rural,5,0
456,3191.93,71.22,Travel,55,Female,175662,Suburban,1,0
457,3831.41,39.1,Retail,24,Male,160550,Rural,3,0
458,2611.29,18.24,Retail,18,Male,157686,Rural,3,0
459,3137.47,54.24,Restaurant,50,Male,188137,Urban,1,0
460,1380.24,13.76,Restaurant,60,Female,30095,Rural,2,0
461,396.64,25.7,Retail,79,Male,156485,Rural,5,0
462,1435.78,56.22,Travel,71,Male,48656,Urban,3,0
463,1365.86,62.34,Online,71,Female,138386,Urban,3,0
464,1605.35,23.9,Travel,41,Female,139773,Urban,0,0
465,2705.36,8.96,Retail,53,Female,31119,Rural,4,0
466,700.49,26.5,Online,59,Male,84414,Urban,5,0
467,1163.99,64.04,Restaurant,56,Female,155974,Suburban,3,0
468,3472.81,53.52,Retail,56,Male,160999,Rural,5,0
469,3535.03,64.41,Travel,36,Female,123707,Urban,4,0
470,330.5,27.84,Restaurant,37,Female,30289,Suburban,5,0
471,2043.92,70.11,Restaurant,61,Female,166197,Rural,4,0
472,2717.63,35.73,Retail,24,Male,121554,Urban,4,0
473,2084.71,35.82,Travel,48,Female,155299,Urban,3,0
474,1042.1,66.55,Retail,22,Male,185320,Rural,3,0
475,2106.52,37.39,Online,39,Female,32922,Rural,4,0
476,4525.14,57.68,Online,35,Female,69768,Urban,1,0
477,2924.56,52.35,Restaurant,58,Male,96330,Urban,4,0
478,3480.66,5.68,Travel,38,Male,135226,Urban,0,0
479,4285.09,43.38,Online,73,Female,124343,Rural,3,0
480,3830.32,59.21,Online,35,Female,99837,Urban,2,0
481,1908.1,39.27,Online,34,Female,94950,Suburban,3,0
482,39.42,23.13,Online,59,Male,140939,Urban,4,0
483,1765.28,5.76,Retail,63,Male,63643,Suburban,3,0
484,3769.84,47.59,Restaurant,78,Male,130745,Rural,4,0
485,4268.71,22.07,Restaurant,75,Male,97180,Urban,5,0
486,4767.62,43.39,Online,59,Male,180729,Rural,2,0
487,2100.92,30.68,Restaurant,37,Female,34299,Urban,2,0
488,3740.1,49.66,Restaurant,30,Male,155520,Urban,2,0
489,2735.2,25.31,Restaurant,27,Female,57287,Urban,0,0
490,3020.23,3.05,Restaurant,51,Female,141524,Suburban,0,0
491,1110.49,62.64,Retail,66,Female,189371,Rural,4,0
492,1104.91,25.38,Online,33,Male,138409,Rural,0,0
493,2184.82,71.87,Travel,75,Male,43708,Urban,1,0
494,154.83,19.77,Retail,21,Female,151244,Urban,2,0
495,1687.29,70.56,Restaurant,69,Female,49667,Urban,2,0
496,3398.92,68.25,Online,72,Female,67125,Suburban,5,0
497,2027.54,5.4,Online,69,Female,173471,Suburban,4,0
498,833.57,45.9,Online,69,Female,163237,Rural,0,0
499,2342.28,26.16,Online,56,Female,55469,Rural,5,0
500,646.86,57.68,Restaurant,43,Female,123040,Suburban,2,0
501,3115.06,48.92,Online,60,Male,128412,Suburban,3,0
502,144.56,68.6,Travel,38,Female,104793,Urban,0,0
503,1976.16,10.28,Travel,61,Female,138197,Rural,3,0
504,2826.32,43.75,Online,26,Male,26530,Rural,2,0
505,145.24,56.25,Restaurant,64,Female,66891,Rural,2,0
506,3217.32,2.51,Travel,19,Female,138929,Urban,3,0
507,687.14,4.84,Travel,59,Female,174747,Suburban,2,1
508,2313.88,56.05,Travel,49,Female,72935,Urban,0,0
509,260.92,26.38,Retail,36,Female,139192,Urban,5,0
510,1901.73,27.57,Retail,34,Female,43640,Rural,1,0
511,1066.18,40.84,Travel,76,Male,85557,Urban,1,0
512,1640.96,43.57,Restaurant,44,Male,104954,Suburban,1,0
513,3808.54,48.89,Restaurant,43,Male,190020,Urban,5,0
514,1901.84,68.32,Travel,42,Female,62990,Urban,2,0
515,3762.53,26.78,Travel,65,Male,52386,Suburban,4,0
516,4161.3,54.94,Restaurant,20,Male,43905,Urban,0,0
517,1268.83,41.32,Retail,55,Male,49927,Suburban,5,1
518,418.71,38.12,Retail,63,Female,137807,Urban,0,0
519,106.72,28.66,Travel,54,Female,186218,Rural,2,0
520,2701.7,46.77,Restaurant,70,Male,115143,Suburban,0,1
521,4999.54,17.97,Retail,30,Male,42362,Rural,2,0
522,1756.3,8.17,Travel,39,Female,157315,Urban,1,0
523,3254.22,52.97,Online,64,Male,120686,Suburban,0,0
524,3908.35,35.93,Travel,63,Male,154130,Urban,4,0
525,3262.26,27.86,Online,32,Male,180451,Rural,2,0
526,3773.62,40.44,Travel,61,Female,61916,Urban,0,0
527,4748.56,18.85,Restaurant,52,Female,119268,Urban,3,0
528,1004.81,18.74,Restaurant,58,Male,164269,Urban,5,0
529,111.7,32.13,Restaurant,68,Male,119773,Rural,3,0
530,770.39,71.74,Restaurant,48,Female,31509,Rural,4,0
531,639.84,20.56,Online,76,Male,64796,Suburban,4,0
532,3350.6,65.99,Travel,78,Female,107868,Urban,3,0
533,2824.21,35.37,Restaurant,60,Male,168240,Urban,2,0
534,1097.64,8.83,Retail,40,Male,192891,Suburban,0,0
535,3500.33,61.4,Retail,50,Female,59345,Urban,5,0
536,3836.82,32.55,Retail,37,Female,62499,Urban,3,0
537,847.27,64.7,Travel,72,Female,57907,Urban,4,0
538,3040.16,32.05,Retail,28,Male,66888,Urban,0,0
539,3742.15,6.32,Retail,71,Male,33450,Urban,2,0
540,581.52,49.1,Online,60,Female,129990,Rural,3,0
541,4098.31,60.88,Travel,74,Female,100756,Rural,4,0
542,4823.96,23.01,Travel,53,Male,101138,Rural,3,1
543,549.41,25.01,Retail,29,Male,136983,Suburban,2,0
544,138.14,4.68,Travel,36,Female,95702,Suburban,4,0
545,1566.67,39.04,Online,24,Male,184220,Rural,0,0
546,3389.96,64.18,Online,48,Male,67368,Suburban,3,0
547,4791.28,61.3,Restaurant,26,Male,50816,Rural,0,0
548,1989.31,51.25,Online,65,Male,54490,Urban,5,0
549,3577.92,66.77,Restaurant,34,Male,73176,Urban,5,0
550,389.22,45.91,Retail,64,Female,20926,Urban,1,0
551,3456.17,57.15,Restaurant,69,Male,183200,Rural,2,0
552,3139.94,36.63,Restaurant,53,Male,86351,Suburban,3,0
553,518.49,8.74,Retail,66,Male,23200,Rural,4,0
554,3864.68,14.47,Restaurant,76,Male,140230,Suburban,5,0
555,4252.96,10.0,Online,29,Female,150450,Suburban,2,0
556,3006.05,56.91,Retail,78,Female,150716,Urban,1,0
557,614.06,1.89,Travel,61,Female,162475,Urban,4,0
558,4919.38,39.89,Restaurant,75,Female,21507,Rural,2,0
559,3915.35,26.56,Online,39,Female,179379,Rural,2,0
560,1742.55,57.86,Travel,59,Male,149359,Urban,3,0
561,2147.61,39.72,Retail,23,Male,82358,Rural,1,0
562,1859.15,44.06,Retail,32,Male,76852,Urban,3,0
563,2534.74,6.21,Retail,40,Male,174366,Rural,5,1
564,1712.74,22.27,Online,32,Female,192876,Suburban,0,0
565,4249.38,71.97,Travel,65,Female,144705,Rural,4,0
566,4113.43,51.76,Retail,73,Female,138944,Urban,1,0
567,536.64,37.85,Online,37,Female,127518,Rural,2,0
568,4804.33,55.38,Online,44,Male,135834,Suburban,2,0
569,3181.57,59.28,Travel,68,Male,40815,Suburban,0,0
570,4145.25,5.31,Retail,74,Female,177605,Suburban,2,0
571,3539.47,70.01,Retail,39,Female,177313,Urban,4,0
572,2183.08,46.25,Restaurant,41,Male,21723,Rural,3,0
573,3671.64,32.4,Retail,34,Female,84150,Urban,1,0
574,4827.71,48.97,Travel,55,Male,163482,Urban,4,0
575,1357.71,24.81,Online,36,Female,92905,Urban,5,1
576,4042.91,63.21,Travel,47,Male,182467,Rural,0,0
577,2695.48,56.18,Retail,72,Male,184793,Urban,5,0
578,2422.65,46.07,Online,25,Female,166158,Rural,4,0
579,2183.52,13.1,Travel,48,Female,74430,Suburban,0,0
580,3657.82,69.57,Retail,21,Male,32823,Rural,4,0
581,1349.29,31.15,Retail,73,Female,68454,Rural,2,0
582,4260.05,65.57,Retail,58,Female,58864,Urban,2,0
583,4155.35,3.99,Restaurant,55,Female,34434,Suburban,0,0
584,442.45,8.94,Restaurant,55,Female,191252,Rural,4,0
585,4409.34,11.02,Restaurant,78,Female,111493,Rural,4,0
586,1226.88,11.86,Online,57,Male,29626,Urban,3,0
587,2328.9,23.23,Travel,22,Female,58109,Suburban,3,0
588,3055.56,51.07,Online,48,Female,28501,Urban,1,1
589,1901.16,24.91,Online,74,Female,194849,Urban,2,0
590,153.21,67.75,Retail,30,Male,171543,Urban,0,0
591,4256.25,64.43,Retail,50,Female,178147,Urban,5,0
592,917.38,60.91,Online,25,Male,98234,Rural,2,0
593,1068.48,18.04,Travel,73,Female,106798,Suburban,4,0
594,3991.18,45.72,Restaurant,61,Male,42990,Suburban,2,0
595,1708.29,39.66,Online,42,Female,32853,Urban,3,0
596,4402.8,9.01,Online,51,Male,48544,Urban,5,0
597,3508.91,21.8,Travel,37,Male,129302,Rural,4,0
598,1388.58,38.41,Travel,44,Female,66726,Urban,2,0
599,60.65,36.19,Online,21,Female,62293,Urban,1,0
600,4740.83,12.14,Retail,73,Female,196184,Rural,3,0
601,437.21,67.8,Retail,72,Male,94548,Suburban,3,0
602,3603.17,11.1,Online,27,Female,180193,Suburban,2,0
603,2448.0,47.43,Retail,26,Male,193257,Urban,4,0
604,3793.24,51.89,Travel,30,Female,175967,Suburban,4,0
605,3456.14,43.57,Restaurant,39,Male,170020,Suburban,3,0
606,3233.06,60.66,Travel,44,Female,167371,Suburban,5,0
607,2459.2,40.58,Restaurant,54,Female,66509,Rural,4,0
608,3966.74,59.42,Online,75,Male,139364,Suburban,1,0
609,474.34,2.04,Online,76,Male,171772,Urban,0,0
610,1115.77,3.27,Restaurant,47,Female,114421,Urban,5,0
611,3462.02,46.18,Retail,27,Female,29395,Rural,5,0
612,1537.97,41.53,Online,38,Female,44412,Urban,4,0
613,2911.96,46.88,Restaurant,73,Male,98458,Rural,1,0
614,2371.57,55.22,Retail,63,Female,104625,Urban,4,0
615,2659.3,29.99,Restaurant,29,Male,116618,Urban,3,0
616,2133.26,46.01,Online,67,Male,119336,Urban,1,0
617,3732.22,35.86,Online,23,Female,37738,Suburban,5,0
618,1660.65,45.16,Travel,49,Male,132020,Rural,5,0
619,3517.25,20.86,Restaurant,39,Male,164302,Urban,3,0
620,1361.87,68.88,Retail,58,Male,37019,Urban,2,0
621,1264.5,34.77,Online,29,Female,96764,Urban,5,0
622,612.07,57.94,Travel,38,Male,143421,Rural,4,0
623,971.0,49.32,Travel,58,Male,55270,Suburban,4,0
624,606.58,21.42,Retail,21,Male,51987,Rural,3,0
625,2683.96,5.25,Online,18,Male,91937,Rural,4,0
626,3813.33,4.31,Travel,46,Female,106300,Suburban,5,0
627,933.9,31.65,Retail,35,Male,158163,Suburban,5,0
628,1089.76,34.87,Retail,31,Male,128464,Urban,0,0
629,2426.15,14.69,Restaurant,66,Male,157532,Rural,4,0
630,3625.68,43.68,Restaurant,67,Male,75009,Rural,1,0
631,4883.27,22.51,Online,28,Female,74801,Suburban,2,0
632,2627.94,51.72,Travel,54,Male,180446,Urban,3,0
633,1422.16,52.86,Travel,66,Male,35252,Urban,1,0
634,511.63,61.98,Restaurant,28,Female,48652,Suburban,1,0
635,978.65,70.23,Online,49,Female,169780,Urban,1,0
636,1145.14,9.42,Travel,68,Female,184882,Urban,5,0
637,905.41,26.68,Retail,66,Female,158660,Urban,5,0
638,80.6,40.44,Retail,67,Female,42982,Rural,2,0
639,2675.33,22.98,Retail,23,Female,146789,Suburban,3,0
640,1378.81,33.59,Retail,26,Male,178538,Urban,3,0
641,4871.73,19.26,Restaurant,57,Female,95284,Suburban,2,0
642,2771.26,17.85,Online,45,Female,131949,Urban,0,0
643,3490.11,6.97,Retail,58,Male,179604,Urban,5,0
644,640.13,20.9,Retail,45,Male,102965,Suburban,1,0
645,4343.62,27.66,Travel,43,Male,88068,Rural,3,0
646,2459.48,44.31,Restaurant,45,Female,157728,Suburban,2,0
647,4364.87,17.88,Travel,79,Female,170770,Urban,2,1
648,2874.58,62.3,Travel,48,Male,183379,Suburban,5,0
649,2352.29,11.5,Travel,42,Female,112760,Urban,1,0
650,2207.94,23.58,Retail,18,Female,54003,Urban,2,0
651,929.97,41.59,Online,20,Male,181032,Rural,5,0
652,266.37,22.52,Restaurant,52,Female,167491,Suburban,4,0
653,4705.91,54.94,Retail,30,Male,150127,Urban,1,0
654,2393.87,35.88,Restaurant,64,Female,156237,Suburban,3,0
655,4112.36,37.06,Retail,41,Female,185637,Suburban,1,0
656,2009.53,35.91,Online,78,Male,150479,Urban,0,0
657,379.67,22.21,Online,18,Male,149107,Suburban,1,0
658,3150.93,1.67,Restaurant,75,Male,67161,Rural,1,1
659,277.51,68.06,Travel,38,Female,179752,Urban,0,0
660,754.5,36.39,Retail,66,Male,81006,Rural,1,0
661,2818.57,69.6,Restaurant,71,Female,96149,Suburban,2,0
662,1526.14,15.49,Travel,51,Female,70739,Suburban,3,0
663,4969.65,25.41,Online,30,Female,20414,Urban,3,0
664,601.07,3.64,Retail,19,Male,50987,Suburban,4,0
665,3824.57,35.63,Online,61,Female,26287,Urban,3,0
666,3035.53,63.53,Retail,18,Male,141866,Urban,3,0
667,3955.8,47.11,Travel,58,Female,183960,Rural,5,0
668,1136.18,33.88,Retail,64,Female,50913,Rural,0,1
669,2617.64,38.64,Travel,33,Female,74350,Urban,1,0
670,2258.07,61.0,Retail,32,Female,181299,Suburban,1,0
671,2219.18,31.03,Restaurant,62,Male,128693,Urban,2,0
672,4302.23,63.54,Online,74,Female,128538,Urban,1,0
673,4950.26,52.38,Retail,40,Female,31925,Suburban,0,0
674,1533.85,55.0,Retail,37,Male,107501,Suburban,2,0
675,3108.93,26.35,Online,26,Female,111658,Suburban,2,0
676,3052.06,28.84,Retail,24,Female,166909,Urban,5,0
677,3703.05,41.06,Online,42,Female,187117,Suburban,4,0
678,4738.48,14.02,Travel,50,Female,75663,Urban,1,1
679,1046.86,39.83,Restaurant,55,Female,22961,Suburban,5,0
680,1063.02,5.29,Restaurant,37,Female,187934,Rural,0,0
681,3305.54,36.31,Online,28,Male,72740,Urban,5,0
682,793.71,55.04,Restaurant,22,Male,93826,Rural,3,0
683,877.33,20.14,Online,70,Male,86694,Rural,0,0
684,384.57,71.21,Restaurant,20,Male,37782,Urban,0,0
685,23.35,48.99,Retail,37,Female,100680,Rural,0,1
686,2258.01,8.55,Retail,78,Male,98717,Rural,2,0
687,2973.12,70.21,Restaurant,36,Female,152825,Urban,4,0
688,1463.38,28.36,Travel,47,Female,164177,Urban,2,0
689,1165.07,57.23,Restaurant,64,Male,104914,Suburban,0,0
690,3537.71,24.41,Retail,51,Male,21607,Rural,3,0
691,3517.91,67.6,Restaurant,56,Male,49841,Suburban,2,0
692,2275.62,54.36,Retail,51,Female,199787,Urban,5,0
693,3440.05,14.33,Travel,39,Male,107368,Rural,5,0
694,4620.32,36.66,Travel,45,Male,109485,Suburban,0,0
695,3941.26,36.01,Restaurant,74,Female,123821,Suburban,3,0
696,3129.04,3.26,Retail,61,Female,169139,Suburban,5,0
697,3309.3,9.87,Travel,26,Male,181478,Urban,1,0
698,4669.01,23.98,Online,39,Female,27632,Rural,1,0
699,2131.44,34.11,Restaurant,75,Female,66040,Suburban,0,0
700,2727.37,32.9,Online,49,Female,70860,Rural,4,0
701,3241.7,43.65,Restaurant,40,Female,106642,Urban,5,0
702,4542.97,37.12,Retail,66,Male,108588,Urban,4,1
703,4134.89,23.61,Retail,30,Female,196284,Suburban,0,0
704,366.34,44.14,Online,28,Male,145595,Suburban,4,0
705,837.95,11.7,Retail,78,Male,144387,Rural,5,0
706,1544.98,71.32,Retail,76,Male,29321,Urban,4,0
707,3747.3,53.23,Retail,76,Male,189253,Rural,4,1
708,2850.34,21.54,Online,69,Female,55587,Urban,2,0
709,1450.17,24.22,Retail,43,Female,146221,Rural,3,0
710,630.52,59.64,Travel,19,Male,60733,Urban,0,0
711,3446.5,38.33,Restaurant,32,Female,184416,Suburban,1,0
712,3501.67,51.03,Travel,32,Female,140748,Urban,4,0
713,4713.95,21.58,Online,64,Female,160762,Urban,0,0
714,2507.36,58.73,Online,26,Female,107846,Suburban,2,0
715,2474.04,26.52,Retail,31,Female,141233,Rural,2,0
716,411.4,48.51,Travel,64,Female,128515,Rural,4,0
717,208.91,70.55,Online,19,Female,34685,Urban,5,0
718,2165.82,42.03,Restaurant,55,Male,156596,Suburban,3,0
719,1618.38,57.37,Online,50,Female,98471,Rural,5,0
720,1259.34,52.22,Travel,28,Male,168096,Suburban,5,0
721,465.72,49.54,Restaurant,25,Female,197785,Suburban,1,0
722,4809.94,1.92,Restaurant,41,Male,102707,Rural,3,0
723,4181.43,34.17,Retail,63,Male,165536,Urban,1,0
724,2880.24,69.63,Restaurant,59,Female,160479,Suburban,1,0
725,4754.42,56.37,Retail,68,Female,24906,Suburban,0,0
726,4997.87,55.88,Retail,20,Female,74594,Urban,1,0
727,3364.69,41.59,Online,42,Female,171361,Urban,1,0
728,1354.86,51.94,Online,74,Female,199697,Rural,2,0
729,210.76,42.01,Retail,58,Male,106958,Urban,3,0
730,3783.78,12.28,Travel,34,Female,112692,Rural,3,1
731,2357.8,45.29,Retail,67,Female,37357,Rural,2,0
732,3261.03,44.62,Travel,52,Female,59139,Suburban,4,0
733,4581.2,60.56,Restaurant,57,Male,93520,Urban,0,0
734,915.63,10.64,Restaurant,21,Male,28171,Urban,3,1
735,2930.79,49.01,Restaurant,56,Female,108906,Suburban,4,0
736,3177.58,2.27,Retail,21,Female,118367,Suburban,2,0
737,2463.71,68.27,Travel,60,Female,184236,Urban,5,0
738,465.3,7.91,Retail,24,Male,160056,Rural,0,0
739,1746.33,1.36,Restaurant,59,Male,63507,Urban,2,0
740,1673.21,22.59,Online,71,Male,169679,Urban,4,0
741,3353.97,10.9,Restaurant,19,Female,178777,Suburban,3,0
742,4290.09,49.72,Restaurant,21,Male,122122,Rural,3,0
743,1655.72,29.55,Online,62,Female,69120,Suburban,5,0
744,3471.43,55.8,Travel,25,Female,176025,Urban,1,0
745,1448.21,66.28,Restaurant,44,Female,50630,Rural,2,0
746,4726.52,62.84,Travel,46,Female,100814,Suburban,1,0
747,4069.69,52.98,Online,42,Female,102444,Rural,2,0
748,2754.98,4.48,Online,25,Female,28291,Rural,3,0
749,2279.58,9.94,Online,53,Female,91171,Rural,5,0
750,1579.44,14.93,Retail,34,Female,128493,Urban,2,0
751,1623.14,23.4,Travel,48,Female,42753,Suburban,2,0
752,4851.22,47.68,Retail,62,Female,150299,Suburban,0,0
753,2026.83,37.83,Online,27,Male,82296,Urban,5,0
754,2577.84,22.59,Restaurant,31,Male,117408,Rural,4,0
755,4940.71,12.47,Retail,62,Male,138464,Suburban,0,0
756,3291.73,65.67,Restaurant,61,Male,99332,Urban,5,0
757,2717.54,24.65,Retail,58,Male,76659,Suburban,5,0
758,2072.11,25.51,Travel,18,Female,157651,Rural,0,0
759,946.04,55.58,Restaurant,37,Male,99250,Suburban,5,0
760,1815.28,51.91,Retail,44,Male,65878,Rural,5,0
761,3784.65,46.32,Online,60,Male,49420,Rural,1,0
762,3130.79,49.92,Online,24,Female,118098,Urban,2,0
763,3802.35,43.93,Travel,60,Male,29802,Rural,4,0
764,1025.76,13.84,Travel,51,Male,72978,Urban,3,0
765,2750.61,17.75,Retail,35,Male,44275,Suburban,2,0
766,4639.09,40.18,Online,57,Female,136332,Rural,5,1
767,2196.2,16.19,Restaurant,56,Male,152643,Suburban,5,0
768,3494.27,70.05,Retail,62,Male,26536,Rural,2,0
769,615.92,21.43,Retail,26,Female,146527,Urban,5,0
770,4866.0,20.81,Online,44,Male,151086,Suburban,0,0
771,3048.27,14.92,Travel,71,Male,60390,Suburban,4,0
772,1204.09,50.76,Restaurant,75,Female,69862,Suburban,1,0
773,800.31,22.83,Travel,24,Male,109159,Rural,3,0
774,2758.69,25.11,Retail,50,Male,146739,Rural,3,0
775,2765.73,67.23,Retail,64,Female,157265,Rural,0,0
776,475.11,57.27,Online,57,Female,101358,Rural,3,0
777,4961.36,19.69,Travel,25,Male,105809,Urban,2,0
778,4565.52,8.77,Retail,36,Male,57563,Rural,2,0
779,2312.62,48.72,Retail,25,Female,45756,Urban,0,0
780,596.16,27.34,Travel,68,Female,155304,Rural,1,0
781,4162.39,70.57,Online,24,Male,197397,Suburban,2,0
782,2496.89,58.92,Online,49,Male,54791,Rural,1,0
783,3585.85,68.73,Restaurant,30,Male,73788,Urban,1,1
784,2549.27,57.93,Restaurant,56,Male,29582,Rural,3,0
785,1374.39,20.91,Restaurant,30,Male,140420,Rural,5,0
786,4175.27,20.71,Travel,67,Female,121603,Suburban,2,1
787,4901.42,51.42,Restaurant,34,Female,156929,Urban,5,0
788,1226.22,24.94,Restaurant,71,Female,50365,Urban,3,0
789,2760.81,31.85,Travel,51,Female,21077,Suburban,0,0
790,1924.09,18.46,Restaurant,80,Female,101521,Suburban,2,0
791,4610.12,34.49,Online,30,Female,31542,Suburban,0,0
792,2546.12,14.55,Retail,40,Male,175788,Rural,3,0
793,4397.84,38.78,Online,63,Male,42826,Urban,3,0
794,4321.49,67.18,Online,44,Female,107369,Suburban,5,0
795,1388.47,50.12,Retail,36,Female,142388,Suburban,3,0
796,3952.13,9.88,Online,28,Female,32095,Urban,2,0
797,2080.56,44.33,Retail,20,Female,47027,Rural,5,0
798,4671.9,42.25,Online,53,Female,156466,Rural,3,0
799,2543.61,17.46,Travel,49,Male,192748,Rural,0,0
800,4104.54,48.23,Travel,76,Male,101914,Urban,1,0
801,1421.37,38.23,Restaurant,31,Female,25893,Rural,5,0
802,1499.79,45.93,Travel,62,Female,171403,Rural,2,0
803,2938.82,3.78,Retail,77,Female,101826,Urban,4,0
804,4994.52,29.76,Restaurant,48,Female,187470,Urban,0,0
805,2453.31,51.65,Online,39,Female,75009,Suburban,2,0
806,751.49,7.24,Travel,33,Male,104116,Urban,3,0
807,2697.52,55.5,Restaurant,18,Female,72574,Rural,4,0
808,1732.17,0.37,Travel,18,Male,70474,Urban,5,0
809,2764.07,39.63,Restaurant,60,Male,95121,Rural,4,0
810,2721.72,66.9,Retail,23,Male,92522,Suburban,5,0
811,2282.17,29.3,Retail,76,Female,159532,Rural,2,0
812,1615.67,67.32,Online,25,Female,103663,Rural,3,0
813,951.38,63.24,Restaurant,71,Female,135635,Rural,5,0
814,3490.52,34.38,Retail,54,Male,195931,Urban,0,0
815,2863.27,14.36,Online,60,Female,50841,Rural,0,0
816,1175.48,69.4,Restaurant,49,Female,91474,Urban,5,0
817,3879.97,23.12,Online,27,Female,59143,Suburban,5,0
818,227.8,46.5,Retail,78,Male,61286,Suburban,1,0
819,3726.08,65.37,Online,23,Female,91732,Suburban,5,0
820,3529.09,6.44,Restaurant,67,Female,50005,Rural,3,0
821,4058.93,41.34,Travel,50,Male,23999,Rural,5,0
822,1936.53,38.53,Retail,22,Male,183301,Suburban,1,0
823,3321.81,52.06,Restaurant,64,Female,166702,Suburban,0,0
824,4105.53,67.44,Restaurant,64,Male,154757,Urban,3,0
825,4904.28,65.75,Online,24,Female,46837,Urban,1,0
826,2481.69,12.6,Retail,75,Female,74153,Suburban,5,0
827,194.73,63.52,Travel,34,Female,162220,Suburban,2,0
828,2516.43,12.66,Travel,59,Male,111833,Suburban,2,0
829,2955.0,66.21,Online,32,Male,164012,Suburban,4,0
830,4349.8,71.8,Retail,47,Female,103488,Rural,0,0
831,4372.21,28.58,Travel,80,Female,91054,Rural,0,0
832,2207.13,35.67,Retail,36,Male,57108,Urban,1,0
833,2634.5,67.44,Online,34,Female,94256,Suburban,1,0
834,2290.07,69.27,Retail,47,Male,170492,Rural,4,0
835,3614.99,66.67,Retail,21,Female,84179,Rural,5,0
836,2055.79,63.13,Retail,24,Male,64898,Rural,5,0
837,3277.36,0.67,Online,70,Female,38675,Rural,1,0
838,780.26,40.89,Online,29,Female,101625,Suburban,4,0
839,2352.76,7.73,Online,73,Female,180763,Suburban,5,0
840,4846.33,70.78,Travel,20,Female,108798,Rural,3,0
841,1699.42,20.49,Restaurant,72,Male,161709,Suburban,2,0
842,3466.6,71.22,Retail,36,Male,136299,Rural,3,0
843,3252.68,39.12,Restaurant,41,Male,33297,Rural,3,0
844,4260.31,35.56,Retail,69,Male,54098,Urban,5,0
845,4263.18,67.58,Retail,61,Female,27600,Urban,1,0
846,4298.12,61.28,Retail,38,Male,143400,Suburban,2,0
847,1906.25,33.7,Online,45,Female,197077,Urban,1,0
848,1590.14,13.88,Travel,65,Female,33226,Urban,5,0
849,3596.4,8.11,Online,25,Female,47768,Suburban,4,0
850,3799.42,11.7,Retail,24,Female,120558,Urban,2,0
851,4363.19,33.04,Restaurant,72,Male,34103,Suburban,2,0
852,189.14,18.52,Retail,66,Female,42575,Urban,1,0
853,351.42,13.41,Retail,74,Male,131795,Urban,0,0
854,3159.49,53.04,Travel,20,Male,122738,Urban,3,0
855,4605.44,56.94,Retail,18,Male,66919,Suburban,2,0
856,4987.16,40.88,Online,72,Male,176269,Urban,1,0
857,3736.36,54.52,Travel,26,Male,175387,Rural,3,0
858,2175.52,12.64,Travel,60,Male,185011,Urban,3,0
859,501.23,61.64,Travel,59,Female,136873,Suburban,4,0
860,3172.4,64.59,Retail,28,Female,181563,Urban,1,0
861,4364.17,59.54,Travel,39,Male,113224,Urban,0,0
862,2223.96,37.1,Travel,40,Female,101904,Rural,0,0
863,3473.07,6.25,Online,75,Male,107118,Rural,4,1
864,4518.09,48.19,Restaurant,46,Male,71943,Urban,5,0
865,239.49,13.3,Online,79,Male,195864,Suburban,4,0
866,3982.76,10.12,Online,57,Male,159849,Suburban,5,0
867,1473.91,23.3,Restaurant,35,Male,40590,Rural,1,0
868,1880.46,17.86,Restaurant,74,Female,142079,Rural,0,0
869,736.39,18.78,Travel,64,Male,168842,Urban,3,0
870,2660.52,16.96,Online,23,Female,54549,Suburban,1,0
871,2833.98,54.27,Retail,41,Female,44357,Suburban,2,0
872,3964.67,68.69,Online,70,Female,142755,Suburban,5,0
873,858.22,21.74,Restaurant,39,Female,45496,Suburban,1,0
874,404.05,52.05,Travel,29,Female,139428,Rural,0,0
875,4355.49,0.82,Travel,25,Female,101367,Rural,3,0
876,3102.35,47.07,Travel,43,Male,199431,Urban,4,0
877,1211.74,49.88,Retail,43,Female,188930,Suburban,3,0
878,4565.02,4.47,Retail,79,Male,142000,Urban,4,0
879,724.16,8.51,Restaurant,47,Male,143350,Urban,2,0
880,2311.14,22.09,Travel,35,Male,80737,Urban,1,0
881,1277.35,29.19,Online,71,Female,78666,Urban,0,0
882,1284.08,36.18,Travel,42,Female,57675,Rural,2,0
883,56.89,64.45,Online,62,Male,181727,Rural,1,1
884,4025.12,50.66,Online,72,Female,87646,Suburban,4,0
885,4507.04,22.39,Retail,48,Male,115276,Suburban,0,0
886,3391.28,8.45,Travel,69,Male,122780,Rural,0,0
887,798.3,65.96,Restaurant,44,Female,68064,Suburban,5,0
888,2214.23,21.24,Travel,59,Female,194373,Rural,4,0
889,1734.37,44.25,Travel,74,Male,106593,Rural,3,0
890,2941.98,15.78,Restaurant,69,Male,105134,Suburban,3,0
891,3198.3,9.62,Restaurant,28,Male,138825,Suburban,5,0
892,2127.3,11.03,Travel,25,Female,147796,Rural,3,0
893,1257.99,53.84,Restaurant,26,Female,27933,Rural,0,0
894,4228.07,43.61,Online,62,Male,37135,Rural,1,1
895,1004.09,29.94,Retail,64,Male,144606,Rural,5,0
896,1929.62,39.54,Restaurant,21,Male,49592,Rural,1,1
897,2421.21,33.9,Online,80,Female,112128,Suburban,1,0
898,1193.66,38.7,Retail,78,Male,145475,Suburban,2,0
899,2863.89,47.81,Restaurant,72,Male,140911,Suburban,2,0
900,2878.31,15.73,Retail,28,Female,64774,Rural,5,0
901,4963.53,17.82,Travel,24,Female,93992,Urban,3,0
902,1483.2,54.34,Restaurant,44,Female,111387,Suburban,3,0
903,4889.94,62.87,Online,76,Female,178450,Urban,1,0
904,3294.57,5.89,Online,55,Male,170648,Suburban,3,0
905,1379.66,32.17,Retail,48,Male,53395,Urban,1,0
906,2833.99,50.67,Online,69,Male,153155,Suburban,4,0
907,3432.14,5.62,Online,54,Female,46983,Suburban,1,0
908,3725.9,40.62,Restaurant,61,Female,126348,Suburban,2,1
909,254.73,4.45,Retail,46,Female,48044,Urban,5,0
910,3035.97,39.43,Online,29,Male,105424,Urban,5,0
911,2488.67,36.4,Travel,57,Female,165791,Suburban,1,0
912,4521.73,41.23,Restaurant,42,Male,190249,Suburban,3,0
913,1438.11,10.79,Online,67,Male,38592,Suburban,1,0
914,3996.31,23.62,Online,40,Male,99198,Urban,3,0
915,3039.25,37.46,Online,57,Male,159656,Rural,1,0
916,1768.08,8.37,Restaurant,19,Female,140841,Urban,0,0
917,3186.72,14.79,Restaurant,73,Female,125071,Rural,2,0
918,3108.25,41.99,Retail,61,Male,174805,Rural,2,0
919,3392.04,6.55,Restaurant,74,Male,128381,Suburban,1,0
920,3607.43,36.75,Online,71,Female,82541,Urban,4,1
921,3299.32,58.23,Online,64,Male,182758,Urban,3,0
922,4193.3,32.65,Travel,80,Female,83882,Rural,1,0
923,3144.96,36.95,Restaurant,75,Male,163641,Rural,2,0
924,4517.98,32.89,Online,26,Male,61686,Rural,4,0
925,3235.24,4.16,Travel,48,Male,146451,Urban,5,0
926,1551.58,33.29,Retail,76,Female,120615,Urban,5,0
927,2209.71,58.1,Retail,49,Male,37317,Urban,3,0
928,2902.07,52.08,Retail,25,Female,109316,Urban,0,0
929,3664.48,28.51,Online,74,Male,74588,Urban,0,0
930,459.77,58.78,Online,44,Male,174919,Suburban,3,0
931,1482.6,53.7,Retail,46,Male,133022,Rural,1,0
932,3739.93,41.64,Travel,20,Female,134125,Urban,2,0
933,886.44,3.26,Retail,22,Male,168691,Suburban,5,0
934,669.48,24.81,Restaurant,34,Female,109705,Suburban,3,1
935,2701.64,4.59,Online,59,Male,162744,Suburban,5,0
936,4857.73,71.58,Online,38,Male,81906,Urban,1,0
937,2658.95,67.29,Restaurant,18,Female,65373,Urban,5,0
938,4568.3,4.97,Online,63,Male,193699,Rural,3,0
939,4154.06,67.23,Restaurant,73,Male,195532,Rural,5,0
940,1292.28,2.28,Retail,61,Male,40419,Urban,3,0
941,4125.2,29.44,Retail,51,Female,170520,Rural,5,0
942,2414.42,55.37,Online,67,Male,147567,Suburban,4,0
943,4034.38,55.14,Online,65,Female,49969,Suburban,2,0
944,3735.33,70.44,Retail,54,Female,175232,Urban,0,0
945,1700.19,46.5,Restaurant,64,Female,176257,Suburban,0,0
946,584.7,30.27,Retail,54,Male,141348,Suburban,4,0
947,4814.84,71.49,Restaurant,32,Male,105295,Rural,0,0
948,712.38,27.54,Travel,80,Female,165512,Urban,0,0
949,4832.84,62.61,Retail,79,Female,45599,Rural,2,0
950,4302.1,65.29,Restaurant,60,Male,136710,Suburban,1,0
951,3623.84,27.05,Restaurant,73,Female,66182,Urban,3,0
952,4899.91,49.16,Restaurant,39,Male,100749,Urban,2,0
953,4836.68,47.65,Online,51,Female,126376,Suburban,4,0
954,4024.89,38.83,Online,51,Female,38247,Suburban,5,0
955,1835.22,47.05,Travel,62,Female,176830,Urban,4,0
956,3955.5,25.04,Travel,62,Female,48506,Suburban,5,0
957,79.45,12.85,Restaurant,57,Male,199701,Suburban,5,0
958,2687.5,38.68,Online,24,Male,176344,Urban,0,0
959,2279.38,38.08,Restaurant,45,Female,119329,Urban,0,0
960,3367.41,52.41,Online,60,Female,105828,Rural,2,0
961,3364.98,16.03,Online,64,Female,149576,Rural,4,0
962,2926.95,0.25,Travel,33,Female,189080,Rural,4,0
963,4113.86,1.64,Restaurant,48,Male,193058,Suburban,3,0
964,4702.06,21.48,Restaurant,40,Male,36117,Rural,2,0
965,550.65,48.49,Online,60,Male,43732,Rural,3,0
966,1176.77,39.2,Online,61,Female,77045,Suburban,5,1
967,134.87,38.3,Retail,59,Female,56416,Suburban,2,0
968,4422.33,59.28,Travel,42,Female,172244,Suburban,1,0
969,2811.42,17.82,Retail,27,Female,186758,Rural,4,0
970,4577.13,24.92,Online,71,Female,20048,Rural,0,0
971,1114.62,19.85,Restaurant,70,Male,58463,Urban,4,0
972,325.45,67.49,Online,53,Female,193246,Rural,1,0
973,4121.04,52.2,Retail,75,Male,59116,Rural,2,0
974,4547.84,8.12,Travel,57,Male,138744,Suburban,1,0
975,1517.93,58.28,Online,21,Female,159265,Suburban,4,0
976,2047.4,30.19,Restaurant,18,Male,96415,Rural,3,0
977,707.49,55.16,Retail,59,Female,122231,Urban,2,1
978,4731.85,63.63,Online,77,Male,181368,Rural,3,0
979,1528.78,1.13,Restaurant,28,Female,171501,Suburban,1,0
980,2468.2,14.84,Restaurant,50,Male,137220,Urban,0,0
981,494.99,7.26,Online,72,Female,71292,Urban,2,0
982,4437.42,2.42,Retail,48,Male,73912,Rural,5,0
983,686.96,43.04,Restaurant,72,Female,198655,Rural,4,0
984,2273.68,50.64,Travel,49,Female,102994,Urban,3,0
985,3355.73,3.5,Retail,73,Female,98573,Suburban,1,0
986,3718.27,53.32,Restaurant,28,Female,169494,Urban,2,0
987,4730.41,28.96,Online,22,Male,198142,Suburban,0,0
988,2101.44,16.87,Online,66,Male,99835,Rural,2,0
989,3713.92,15.64,Retail,49,Male,133961,Urban,0,0
990,781.07,62.19,Restaurant,38,Male,110246,Suburban,1,0
991,2080.27,4.06,Restaurant,33,Male,43406,Suburban,3,0
992,504.12,36.28,Retail,39,Male,172758,Urban,2,0
993,2451.84,20.83,Retail,80,Male,22128,Suburban,5,0
994,2046.5,58.74,Retail,35,Male,180298,Urban,2,0
995,4758.09,52.67,Travel,21,Male,153804,Rural,3,0
996,173.25,22.96,Travel,50,Female,125957,Rural,2,0
997,1858.94,43.05,Travel,32,Male,53437,Urban,2,0
998,2222.48,48.42,Online,53,Male,97118,Rural,4,0
999,4753.27,23.09,Travel,59,Male,36360,Rural,2,0
1000,4278.7,21.73,Travel,42,Female,116789,Urban,4,0
